Area_Res_Max,Objective_Value
500000.0,10063697916.735401
1625000.0,22177773161.49339
2750000.0,36512601460.244385
3875000.0,53317324847.28996
5000000.0,70607264583.05217
