,fid,full_id,osm_id,Area,Chosen
25,515,w1086210758,1086210758,43.26732199339359,1.0
34,435,w541965090,541965090,9.427898955758915,1.0
52,398,w534565236,534565236,77.27510036952395,1.0
