Area_Res_Max,Objective_Value
100000.0,5792404510.1938
481250.0,9863213225.585997
862500.0,13946991913.69719
1243750.0,18049231263.136585
1625000.0,22177773161.49339
