Area_Res_Max,Objective_Value
5000000.0,116534646858.05217
8750000.0,174342882858.0521
12500000.0,232151118858.052
16250000.0,289959354858.05194
20000000.0,347767590858.05194
