,full_id,osm_id,Area,S_coeff,W_coeff,E_coeff,Chosen_Production,Chosen_Consumption
23,w1086210756,1086210756,9.25954361726322,0.0499999999999999,0.57,0.38,1.0,1.0
34,w541965090,541965090,9.427898955758916,0.28,0.38,0.34,1.0,1.0
46,w534573307,534573307,66.83706938279087,0.96,0.02,0.02,1.0,1.0
57,w535349143,535349143,14.815269787621151,0.0,0.39,0.61,1.0,1.0
