Category,Average Area,Average S_coeff,Average W_coeff,Average E_coeff
Residential,21.757208274523002,0.271113707165109,0.4277258566978194,0.30114485981308414
Industrial,134.24827363788756,0.26487179487179485,0.4338461538461539,0.3012820512820512
Commercial,180.86039336206898,0.27252873563218394,0.43873563218390804,0.2887356321839081
