,full_id,osm_id,osm_type,Area,S_coeff,W_coeff,E_coeff,Chosen
30,w470861033,470861033,way,153.0487575,0.15,0.48,0.37,1.0
104,w494844375,494844375,way,45.1194675,0.01,0.45,0.54,1.0
153,w543189524,543189524,way,52.008885,0.0,0.98,0.02,1.0
202,w625671306,625671306,way,33.94444875,0.23,0.69,0.08,1.0
252,w1083279098,1083279098,way,17.0391375,0.17,0.73,0.1,1.0
