Unnamed: 0,fid,full_id,osm_id,Building Area,Area,S_coeff,W_coeff,E_coeff
0,414,w538115135,538115135,1002,168.6920491726863,0.4,0.26,0.34
5,416,w539744154,539744154,297,50.001535533221386,0.24,0.39,0.37
